{
  "nhits": 20,
  "parameters": {
    "dataset": "recente-nieuwsberichten-van-stadgent",
    "rows": 10,
    "start": 0,
    "format": "json",
    "timezone": "UTC"
  },
  "records": [
    {
      "datasetid": "recente-nieuwsberichten-van-stadgent",
      "recordid": "d2e71926672ca0d5b76bb718bfb484ac1e73f8e8",
      "fields": {
        "publicatiedatum": "2021-11-05",
        "titel": "Mondmasker verplicht op parcours Lichtfestival",
        "inhoud": "<div class=\"paragraph paragraph--type--image paragraph--view-mode--full\">\n                    <div class=\"image-gallery--wrapper single\">\n    \n\n\n\n    <div  class=\"image-gallery js-lightbox\">\n                <a\n  href=\"https://stad.gent/sites/default/files/styles/gallery_full/public/media/images/402525-375554-Lichtfestival-0e9b7c-original-1610361753-8d5a8b-original-1632397968.jpg?itok=s_QeGLtV\"\n  class=\"gallery-link\"\n  aria-describedby=\"image-gallery__open-gallery\"\n    >\n  \n  <figure>\n    \n\n        <img loading=\"lazy\" src=\"/sites/default/files/styles/gallery_single/public/media/images/402525-375554-Lichtfestival-0e9b7c-original-1610361753-8d5a8b-original-1632397968.jpg?itok=mCR7Gt6A\" width=\"744\" height=\"558\" alt=\"375554-Lichtfestival-0e9b7c-original-1610361753\" title=\"375554-Lichtfestival-0e9b7c-original-1610361753\" class=\"image-style-gallery-single\" />\n\n\n\n  \n    \n  </figure>\n</a>\n\n        \n    </div>\n  \n  </div>\n\n  </div>\n\n  <div class=\"paragraph paragraph--type--text paragraph--view-mode--full\">\n                        \n\n      <div></div><p><strong>Volgende week start de vijfde editie van het Lichtfestival. Omwille van de huidige coronacijfers neemt de Stad Gent enkele maatregelen. Zo is het onder meer verplicht om een mondmasker te dragen op het parcours. Wie naar het festival komt, maakt best gebruik van de bewaakte fietsparkings of de park-and-rides.</strong></p><h2>Mondmasker en crowd management</h2><p>Van woensdag 10 tot en met zondag 14 november verlicht het Lichtfestival opnieuw de Gentse straten. Het festival gaat door in openlucht zonder Covid Safe Ticket, maar op het parcours is een mondmasker wel verplicht. De Stad roept iedereen ook op om voldoende afstand te houden. Er worden stewards ingezet om alles in goede banen te leiden. Extra signalisatie en lichtkranten wijzen de bezoekers op de geldende maatregelen.</p><p>Het parcours heeft geen vast begin- of eindpunt, en geen drank- of eetstanden waar bezoekers samentroepen. Er is wel een vaste looprichting. Het parcours is ook langer dan tijdens de voorbije edities, om de bezoekers meer te spreiden. Door de coronasituatie wordt er extra ingezet op crowd control en crowd management. Wanneer het te druk wordt aan een lichtkunstwerk, kan er tijdelijk beslist worden om dit kunstwerk even uit te schakelen. Ook de toegangswegen tot de stad worden voortdurend gemonitord.</p><p></p>\n  \n      </div>\n\n    <div class=\"paragraph paragraph--type--call-to-action paragraph--view-mode--full cta-block highlight highlight--left link\">\n        <div class=\"highlight__inner\">\n            <div>\n                                      <h2>Bekijk alle maatregelen op de website van het Lichtfestival</h2>\n\n                \n                                                            <a href=\"https://lichtfestival.stad.gent/nl/nieuws/covid-19-maatregelen-tijdens-het-lichtfestival\" class=\"button button-primary\">Bezoek website</a>\n                        \n                                                </div>\n        </div>\n    </div>\n\n\n\n<div class=\"quote-wrapper\">\n  <div class=\"quote\">\n    <blockquote>\n              <div class=\"content\">\n          <p>Na eerder uitstel heeft iedereen er geweldig veel goesting in. We rekenen daarbij op het gezond verstand van de bezoekers. Een mondmasker dragen beschermt niet alleen jezelf maar ook de omstaanders. Zo kan iedereen veilig verwonderd zijn over het verrassend spektakel van de kunstwerken.</p>\n        </div>\n            <footer>\n        Annelies Storms\n                  , schepen van Feesten en Evenementen\n              </footer>\n    </blockquote>\n  </div>\n</div>\n\n  <div class=\"paragraph paragraph--type--text paragraph--view-mode--full\">\n                        \n\n      <h2>Mobiliteit</h2><p>Bezoekers van het Lichtfestival kunnen het parcours best bereiken door gebruik te maken van de gratis bewaakte fietsparkings, het evenementenbiljet van De Lijn of de park-and-rides aan de rand van de stad. Het parcours zelf is volledig verkeersvrij. </p><p><strong>Extra bewaakte fietsparkings</strong></p><p>Om veiligheidsredenen zijn fietsen niet toegelaten op het parcours. De Stad Gent zet in op extra bewaakte fietsparkings langs de rand van het parcours. Zo worden twee verdiepingen van parking Sint-Michiels omgevormd tot fietsparking, goed voor ruim 1.600 fietsen. Een primeur voor Gent. Ook het Coyendanspark en de Handelsdokkaai krijgen extra fietsparkings.</p>\n  \n      </div>\n\n\n\n<div class=\"quote-wrapper\">\n  <div class=\"quote\">\n    <blockquote>\n              <div class=\"content\">\n          <p>Het Lichtfestival trekt heel veel bezoekers, we stellen alles in het werk om zoveel mogelijk bezoekers te motiveren om met de fiets te komen of te parkeren op de park-and-rides. Zo houden we het parcours en de nabije omgeving veilig en aangenaam.</p>\n        </div>\n            <footer>\n        Filip Watteeuw\n                  , schepen van Mobiliteit\n              </footer>\n    </blockquote>\n  </div>\n</div>\n\n  <div class=\"paragraph paragraph--type--text paragraph--view-mode--full\">\n                        \n\n      <p><strong>Gebruik de park-and-rides </strong></p><p>Bezoekers die met de auto naar het Lichtfestival willen komen, maken best gebruik van de <a href=\"https://lichtfestival.stad.gent/nl/praktisch/mobiliteit/bezoekers/met-de-auto/p-rs\">park-and-rides</a> aan de rand van de stad. Shuttles, bussen en trams zorgen voor een vlotte verbinding naar het centrum. Zo vertrekt er vanaf 18 uur om de 10 minuten een festivalshuttle vanop P+R Weba en P+R Watersportbaan richting het parcours. Terugkeren naar de park-and-rides kan tot 1 uur 's nachts.  </p><p>De autoparkeerplaatsen op straat in de binnenstad en langs de straten van het parcours worden zoveel mogelijk gereserveerd voor bewoners. Wie parkeert zonder vergunning riskeert een retributie van 80 euro. Voor mensen met een beperking zijn bijkomende plaatsen met blauwe kaart voorzien. </p>\n  \n      </div>\n\n  <div class=\"paragraph paragraph--type--image paragraph--view-mode--full\">\n                    <div class=\"image-gallery--wrapper multiple\">\n    \n\n\n\n  <ul class=\"image-gallery js-lightbox\">\n          <li>\n                  <a\n  href=\"https://stad.gent/sites/default/files/styles/gallery_full/public/media/images/405288-LFMacrov2_ShuttleBlaarmeersen-95548b-original-1635352059.png?itok=-knqnsk0\"\n  class=\"gallery-link\"\n  aria-describedby=\"image-gallery__open-gallery\"\n    >\n  \n  <figure><div class=\"image-wrapper\" data-ratio=\"8:5\"><img loading=\"lazy\" src=\"/sites/default/files/styles/gallery_multiple/public/media/images/405288-LFMacrov2_ShuttleBlaarmeersen-95548b-original-1635352059.png?itok=YaO4pzw_\" width=\"504\" height=\"315\" alt=\"LFMacro_ShuttleWEBA_\" title=\"LFMacro_ShuttleWEBA_\" class=\"image-style-gallery-multiple\" /></div></figure></a>\n\n              </li>\n          <li>\n                  <a\n  href=\"https://stad.gent/sites/default/files/styles/gallery_full/public/media/images/405287-LFMacro_ShuttleWEBA_-6ffd75-original-1635351579.png?itok=ZXw-h7f6\"\n  class=\"gallery-link\"\n  aria-describedby=\"image-gallery__open-gallery\"\n    >\n  \n  <figure><div class=\"image-wrapper\" data-ratio=\"8:5\"><img loading=\"lazy\" src=\"/sites/default/files/styles/gallery_multiple/public/media/images/405287-LFMacro_ShuttleWEBA_-6ffd75-original-1635351579.png?itok=aypIl_gx\" width=\"504\" height=\"315\" alt=\"LFMacro_ShuttleWEBA_\" title=\"LFMacro_ShuttleWEBA_\" class=\"image-style-gallery-multiple\" /></div></figure></a>\n\n              </li>\n              <li class=\"image-gallery__show-more\">\n        <div class=\"show-more__content\">\n          <span class=\"show-more__total\">2</span>\n          <span>Show all photos\n            <i class=\"icon-arrow-right\"\n               aria-hidden=\"true\"></i>\n        </span>\n        </div>\n      </li>\n      </ul>\n\n  </div>\n\n  </div>\n\n  <div class=\"paragraph paragraph--type--text paragraph--view-mode--full\">\n                        \n\n      <div></div><p><strong>Actuele mobiliteitsinfo</strong></p><p>Bezoekers van het Lichtfestival kunnen de actuele beschikbaarheid van (fiets)parkeerplaatsen bekijken op de webpagina <a href=\"http://www.verkeer.gent/\">www.verkeer.gent</a>. Daar is te zien hoeveel plaatsen er nog beschikbaar zijn in de bewaakte fietsparkings, de stedelijke parkings, op de park-and-rides en op de extra voorbehouden parkeerplaatsen voor minder mobiele personen.</p><p></p>\n  \n      </div>\n\n    <div class=\"paragraph paragraph--type--call-to-action paragraph--view-mode--full cta-block highlight highlight--left link\">\n        <div class=\"highlight__inner\">\n            <div>\n                                      <h2>Bekijk alle mobiliteitsinfo op de website van het Lichtfestival</h2>\n\n                \n                                                            <a href=\"https://lichtfestival.stad.gent/nl/praktisch/mobiliteit/bezoekers\" class=\"button button-primary\">Bezoek website</a>\n                        \n                                                </div>\n        </div>\n    </div>",
        "subjectpage": "https://stad.gent/data/news/811023",
        "nieuwsbericht": "https://stad.gent/id/news/811023"
      },
      "record_timestamp": "2022-05-01T08:30:00.616Z"
    },
    {
      "datasetid": "recente-nieuwsberichten-van-stadgent",
      "recordid": "391b531643073bcc010ab79b1fde90a7e3404cce",
      "fields": {
        "publicatiedatum": "2021-11-04",
        "titel": "Extra vaccinatiemoment in UZ Gent voor wie eerste prik wil",
        "inhoud": "<div class=\"paragraph paragraph--type--image paragraph--view-mode--full\">\n                    <div class=\"image-gallery--wrapper single\">\n    \n\n\n\n    <div  class=\"image-gallery js-lightbox\">\n                <a\n  href=\"https://stad.gent/sites/default/files/styles/gallery_full/public/media/images/406302-Vaccins-082b59-original-1636032252.jpg?itok=2oCtsYqk\"\n  class=\"gallery-link\"\n  aria-describedby=\"image-gallery__open-gallery\"\n    >\n  \n  <figure>\n    \n\n        <img loading=\"lazy\" src=\"/sites/default/files/styles/gallery_single/public/media/images/406302-Vaccins-082b59-original-1636032252.jpg?itok=7thbpSOi\" width=\"744\" height=\"497\" alt=\"Vaccins\" title=\"Vaccins\" class=\"image-style-gallery-single\" />\n\n\n\n  \n    \n  </figure>\n</a>\n\n        \n    </div>\n  \n  </div>\n\n  </div>\n\n  <div class=\"paragraph paragraph--type--text paragraph--view-mode--full\">\n                        \n\n      <div>\u00a0</div>\n\n<p><strong>Om tegemoet te komen aan de grote vraag van Gentenaars die toch nog een eerste prik willen, voorzien de Stad en Eerstelijnszone Gent een extra vaccinatiemoment in het UZ Gent. Gentenaars kunnen op maandag 8 november zonder afspraak langsgaan in het vaccinatiepunt voor een vaccin van Johnson &amp; Johnson of Pfizer.</strong></p>\n\n<p>Er komen heel wat vragen binnen van Gentenaars die toch nog een vaccin willen tegen het coronavirus. Daarom organiseren de Stad Gent, Eerstelijnszone Gent en UZ Gent op maandag 8 november 2021 een extra prikdag in het vaccinatiepunt in het UZ. Gentenaars die een eerste prik willen, kunnen tussen 8 en 18 uur langsgaan zonder afspraak. Ze krijgen dan een vaccin van Johnson &amp; Johnson of Pfizer.</p>\n\n<p>Er worden die dag enkel eerste prikken gezet. Het is niet de bedoeling dat Gentenaars op dat moment een inhaalvaccin of boosterprik komen halen. Er kunnen maandag 250 eerste prikken gezet worden.</p>\n\n<h2>Ook open op vrijdag, met afspraak</h2>\n\n<p>Los van de extra prikdag op maandag 8 november vergroot het vaccinatiepunt in het UZ Gent zijn capaciteit door ook te openen op vrijdag 12, 19 en 26 november. Gentenaars kunnen er dan terecht voor een boosterprik, inhaalvaccin of eerste prik. Voor die vrijdagen moeten ze w\u00e9l een afspraak maken.</p>\n  \n      </div>",
        "subjectpage": "https://stad.gent/data/news/811020",
        "nieuwsbericht": "https://stad.gent/id/news/811020"
      },
      "record_timestamp": "2022-05-01T08:30:00.616Z"
    },
    {
      "datasetid": "recente-nieuwsberichten-van-stadgent",
      "recordid": "ae8528ab665f968b49c55b2abffd4e1a20cf21b1",
      "fields": {
        "publicatiedatum": "2021-11-04",
        "titel": "Lichtfestival Gent: kunstwerken op voorhand getest",
        "inhoud": "<div class=\"paragraph paragraph--type--image paragraph--view-mode--full\">\n                    <div class=\"image-gallery--wrapper single\">\n    \n\n\n\n    <div  class=\"image-gallery js-lightbox\">\n                <a\n  href=\"https://stad.gent/sites/default/files/styles/gallery_full/public/media/images/406150-Lichtfestival%2520Sint-Niklaaskerk-088293-original-1636018868.jpg?itok=nHl8p1xF\"\n  class=\"gallery-link\"\n  aria-describedby=\"image-gallery__open-gallery\"\n    >\n  \n  <figure>\n    \n\n        <img loading=\"lazy\" src=\"/sites/default/files/styles/gallery_single/public/media/images/406150-Lichtfestival%2520Sint-Niklaaskerk-088293-original-1636018868.jpg?itok=HJ6tzcyi\" width=\"744\" height=\"468\" alt=\"Lichtfestival Sint-Niklaaskerk\" title=\"Lichtfestival Sint-Niklaaskerk\" class=\"image-style-gallery-single\" />\n\n\n\n  \n    \n  </figure>\n</a>\n\n        \n    </div>\n  \n  </div>\n\n  </div>\n\n  <div class=\"paragraph paragraph--type--text paragraph--view-mode--full\">\n                        \n\n      <div><strong>Om alles vlot te laten verlopen tijdens het Lichtfestival, worden verschillende kunstwerken op voorhand getest. Dat was gisteren al het geval met de gesimuleerde brand in de Sint-Niklaaskerk. Ook de komende dagen worden nog andere kunstwerken getest die rook of vuur simuleren.</strong></div>\n\n<div>\u00a0</div>\n\n<div>Van 10 tot en met 14 november 2021 verlicht het Lichtfestival opnieuw de Gentse straten. Om alles vlot te laten verlopen tijdens het festival, worden de kunstwerken op voorhand getest. Gisteren gebeurde dat een eerste keer met het lichtkunstwerk 'The Big Fire That Never Happened'. Daarbij wordt een brand in de Sint-Niklaaskerk gesimuleerd.</div>\n\n<p>Ook de komende dagen zijn er nog testen met verschillende kunstwerken waarbij rook en/of vuur gesimuleerd worden:</p>\n\n<ul><li>The Big Fire That Never Happened, Sint-Niklaaskerk (meermaals vanaf vrijdag 5 november)</li>\n\t<li>Go for launch, Zonder-Naampark (meermaals vanaf zaterdag 6 november)</li>\n\t<li>The Wave, Lange Steenstraat (meermaals vanaf maandag 8 november)</li>\n\t<li>2.4 kubiek, Korenmarkt (meermaals vanaf maandag 8 november)</li>\n</ul>\n  \n      </div>\n\n    <div class=\"paragraph paragraph--type--call-to-action paragraph--view-mode--full cta-block highlight highlight--left link\">\n        <div class=\"highlight__inner\">\n            <div>\n                                      <h2>Lees meer over het Lichtfestival</h2>\n\n                \n                                                            <a href=\"https://lichtfestival.stad.gent/nl/\" class=\"button button-primary\">Bezoek website</a>\n                        \n                                                </div>\n        </div>\n    </div>",
        "subjectpage": "https://stad.gent/data/news/811014",
        "nieuwsbericht": "https://stad.gent/id/news/811014"
      },
      "record_timestamp": "2022-05-01T08:30:00.616Z"
    },
    {
      "datasetid": "recente-nieuwsberichten-van-stadgent",
      "recordid": "1f0b57c79f6dff62e30d1a3cbdc9b6e04a6ab338",
      "fields": {
        "publicatiedatum": "2021-10-29",
        "titel": "Gent in relance: budget in evenwicht",
        "inhoud": "<div class=\"paragraph paragraph--type--image paragraph--view-mode--full\">\n                    <div class=\"image-gallery--wrapper single\">\n    \n\n\n\n    <div  class=\"image-gallery js-lightbox\">\n                <a\n  href=\"https://stad.gent/sites/default/files/styles/gallery_full/public/media/images/405465-Stadhuis-2e73e9-original-1635508739.jpg?itok=apg1KyhZ\"\n  class=\"gallery-link\"\n  aria-describedby=\"image-gallery__open-gallery\"\n    >\n  \n  <figure>\n    \n\n        <img loading=\"lazy\" src=\"/sites/default/files/styles/gallery_single/public/media/images/405465-Stadhuis-2e73e9-original-1635508739.jpg?itok=WcoAlN2J\" width=\"744\" height=\"497\" alt=\"Stadhuis\" title=\"Stadhuis\" class=\"image-style-gallery-single\" />\n\n\n\n  \n    \n  </figure>\n</a>\n\n        \n    </div>\n  \n  </div>\n\n  </div>\n\n  <div class=\"paragraph paragraph--type--text paragraph--view-mode--full\">\n                        \n\n      <div></div><p><strong>Het college van burgemeester en schepenen bereikte een akkoord over de begrotingsopmaak voor 2022. Een budget in evenwicht is het resultaat van deze oefening in moeilijke tijden. We leggen geen extra lasten op de komende generaties door de schuldgraad onder de 100% te houden en de vele ambities blijven betaalbaar.  </strong></p><h2>Budget in evenwicht</h2><p>De wereldwijde coronacrisis schudde ons dagelijks leven door elkaar en daagde ook onze stadsorganisatie financieel uit. Dit vraagt om bijsturing en een hernieuwde focus. Gelukkig herneemt onze economie zich sneller dan verwacht, hopelijk blijvend. </p><p>Het is geen evidente oefening, maar desondanks blijft de Stad Gent financieel gezond en stabiel, een engagement waar het college van burgemeester en schepenen elke budgetronde opnieuw voor gaat. <strong>De schuldgraad blijft onder de 100% de komende jaren. </strong>Dit is geen verplichting vanuit Vlaanderen, maar wel belangrijk om de lasten niet door te schuiven naar de toekomstige generaties. Ook de <strong>Auto Financieringsmarge (AFM)</strong>, de mate waarin de Stad Gent in staat is haar investeringen te financieren op lange termijn, <strong>blijft positief in 2025</strong>.</p><h2>Minder inkomsten en stijgende prijzen</h2><p>De inkomsten van de Stad staan onder druk. IMEWO besliste om de dividenden voor de lokale overheden drastisch te verminderen. Ondanks de gedeeltelijke compensatie uit Vlaanderen heeft deze beslissing een zware impact op het financieel meerjarenplan van de Stad Gent. Ook de inkomsten uit het Gemeentefonds dalen. Alles samen betekent dit een <strong>structurele daling van de inkomsten van 8 miljoen euro op jaarbasis</strong>. </p><p>Als lokale overheid worden we, net als elke Gentenaar, geconfronteerd met extra kosten zoals door de stijgende energieprijzen en inflatie door het aantrekken van onze economie. Dat heeft een impact op heel wat parameters in het budget. Die werden aangepast en worden verder opgevolgd. </p><p>De uitdagingen zijn groot en vragen een bijsturing van het meerjarenplan. Deze bijsturing zetten we ook de komende maanden verder. Het stadsbestuur gaat hierbij op zoek naar de juiste evenwichten.</p>\n  \n      </div>\n\n\n\n<div class=\"quote-wrapper\">\n  <div class=\"quote\">\n    <blockquote>\n              <div class=\"content\">\n          <p>We zijn erin geslaagd om de financi\u00ebn gezond te houden. Het schip houdt koers in woelig water, en de nieuwe maatregelen houden het meerjarenplan in evenwicht zodat we onze vele ambities kunnen blijven realiseren en verder bouwen aan ons schoon Gent.</p>\n        </div>\n            <footer>\n        Rudy Coddens\n                  , schepen van Financi\u00ebn\n              </footer>\n    </blockquote>\n  </div>\n</div>\n\n  <div class=\"paragraph paragraph--type--text paragraph--view-mode--full\">\n                        \n\n      <h2>Bijsturing op werking en ontvangsten</h2><p>De stadsorganisatie zet de tering naar de nering en levert <strong>een collectieve inspanning van 10 miljoen euro</strong> op jaarbasis om het meerjarenplan financieel gezond te houden. De komende maanden maakt het college, samen met de administratie, verder werk van een focusoefening. Inhoudelijke prioriteiten worden daarbij tegen het licht gehouden. De financi\u00eble doorvertaling van deze oefening wordt verder geconcretiseerd bij de budgetwijziging 2022. Ook de effectiviteit van de budgetten, en dus de werking, wordt hierbij tegen het licht gehouden.</p>\n  \n      </div>\n\n\n\n<div class=\"quote-wrapper\">\n  <div class=\"quote\">\n    <blockquote>\n              <div class=\"content\">\n          <p>De uitdagingen zijn groot in onze stad. In budgettair moeilijke omstandigheden blijven we investeren in de toekomst van onze stad en de Gentenaars. We blijven ambitieus zonder lasten door te schuiven naar toekomstige generaties Gentenaars.</p>\n        </div>\n            <footer>\n        Mathias De Clercq\n                  , burgemeerster\n              </footer>\n    </blockquote>\n  </div>\n</div>\n\n  <div class=\"paragraph paragraph--type--text paragraph--view-mode--full\">\n                        \n\n      <p>Ondanks de recente nieuwe uitdagingen wil het college het aanbod en de kwaliteit van onze dienstverlening voor de Gentenaars blijven garanderen. Daarom werd er ook gezocht naar extra inkomsten die de beleidsdoelstellingen ondersteunen. Deze extra inkomsten bedragen ongeveer 6,7 miljoen euro op jaarbasis.</p>\n\n<p>Zo optimaliseren we de inning van een aantal belastingen waaronder leegstand en zal een doorgedreven handhaving in de strijd tegen sluikstorten en foutparkeren resulteren in hogere ontvangsten. Daarnaast komen er ook twee nieuwe reglementen. Ontwikkelaars en particulieren die bouwen en verbouwen in onze stad zullen gestimuleerd worden om verharding maximaal te vermijden. En de visueel storende masten en pylonen worden binnenkort ontraden. Windmolens worden aangemoedigd en bijgevolg uitgesloten van deze nieuwe belasting.</p>\n\n<p>Ten slotte worden de parkeertarieven voor straatparkeren en de ondergrondse parkeergarages ge\u00efndexeerd, dus aangepast aan de levensduurte. Die tarieven waren sinds 2016 niet meer gewijzigd.</p>\n\n<h2>Focus op welzijn en jongeren</h2>\n\n<p>Corona heeft ons helaas nog niet helemaal verlaten. De stad investeerde sterk in de strijd tegen corona en het welzijn van de Gentenaars. Het college maakt hiervoor nog <strong>5 miljoen euro extra vrij</strong>.</p>\n\n<p>Er komen extra maatregelen voor <strong>maar liefst 1 miljoen euro</strong> voor het Gentse onderwijs. Hiermee wil het college de continu\u00efteit van de schoolwerking en opvang verzekeren. Corona en personeelstekorten leggen hier nog steeds een grote druk op de dagelijkse werking. Het college zal ook sterker inzetten op welzijn en het wegwerken van de leerachterstand. De Gentse kinderen en jongeren verdienen alle ondersteuning om de impact van de voorbije maanden tot een minimum te beperken.</p>\n\n<p>De gezondheid en het mentaal welzijn van de Gentenaar is een grote bekommernis. De psychologen en gezondheidsgidsen worden verder ingezet in de Gentse wijken en worden versterkt. Daarnaast zet het stadsbestuur ook sterker in op de strijd tegen eenzaamheid, seksuele intimidatie en discriminatie. We versterken de samenwerking tussen de vele organisaties in het Gentse middenveld.</p>\n\n<p>De tijdens de coronacrisis extra gecre\u00eberde opvangplaatsen voor daklozen in onze stad worden opgenomen in reguliere werking. We begeleiden deze mensen ook naar een definitieve woonst.</p>\n\n<p>Daarnaast blijven de huurgelden voor de verenigingen en handelaars met een significante omzetdaling in het stadspatrimonium kwijtgescholden tot april 2022. Hetzelfde geldt ook voor de terrasbelastingen.</p>\n\n<p>Ter ere van de Gentse coronaslachtoffers komt er ook een herdenkingsmonument, zoals ook afgesproken met alle partijen in de gemeenteraad.</p>\n  \n      </div>",
        "subjectpage": "https://stad.gent/data/news/810972",
        "nieuwsbericht": "https://stad.gent/id/news/810972"
      },
      "record_timestamp": "2022-05-01T08:30:00.616Z"
    },
    {
      "datasetid": "recente-nieuwsberichten-van-stadgent",
      "recordid": "3f68f913fc3016accf1a2ed6bda03657aef5375b",
      "fields": {
        "publicatiedatum": "2021-10-27",
        "titel": "Coronaproof schooljaar",
        "inhoud": "<div class=\"paragraph paragraph--type--text paragraph--view-mode--full\">\n                        \n\n      <p><span><span><span>Op deze pagina bundelen we interessante\u00a0informatie voor de Gentse scholen. Deze pagina krijgt regelmatig een update.</span></span></span><br /><br /><span><span><span><strong><span><span>Welke maatregelen neemt de Stad Gent?</span></span></strong></span></span></span></p>\n\n<ul><li>Corona: Wat mag wel en niet? <a data-entity-substitution=\"media\" data-entity-type=\"media\" data-entity-uuid=\"50907d08-60fd-4f41-9bd7-851717ff2951\" href=\"https://stad.gent/sites/default/files/media/documents/maatregelen%201%20oktober_0.pdf\" download=\"coronamaatregelen 1 Oktober 2021\" title=\"coronamaatregelen 1 Oktober 2021\">Bekijk hier de maatregelen vanaf 1 oktober 2021</a></li>\n</ul><ul><li>Hierbij <a data-entity-substitution=\"media\" data-entity-type=\"media\" data-entity-uuid=\"91127723-32d0-4ded-9e78-2dce26f9f479\" href=\"https://stad.gent/sites/default/files/media/documents/Digitale%20flyer%20scholen.pdf\" download=\"brief vaccinatie voor scholen\" title=\"brief vaccinatie voor scholen\">een brief voor niet gevaccineerde leerlingen</a>.</li>\n</ul><ul><li><span><span><span>De <strong><span>quarantainecoaches</span></strong> bieden nog steeds <strong>ondersteuning aan kwetsbare Gentenaren</strong> die hulp nodig hebben tijdens een periode van quarantaine of isolatie. </span></span></span>\n\n\t<ul><li><span><span><span><a href=\"https://stad.gent/nl/alles-over-corona-gent/hulp-en-steun-bij-quarantaine\">Lees hier de info</a><strong> </strong>met de contactgegevens. </span></span></span></li>\n\t</ul></li>\n</ul><ul><li><span><span><span><span><strong>Ondersteuning om leerachterstand\u00a0weg te werken</strong></span></span></span></span><br /><span><span><span><span>Onderwijscentrum Gent biedt scholen ondersteuning op school om leerachterstand weg te werken. <a href=\"https://stad.gent/nl/onderwijscentrum-gent/onderwijscentrum-gent-algemeen/de-kijker-oproepen-projecten-goede-praktijken/leerachterstand-wegwerken\">Je leest er hier alles over.\u00a0</a></span></span></span></span></li>\n\t<li>\n\t<p><strong>Helpen op een school</strong><br />\n\tDe Gentse scholen hebben je nodig! Wil je graag bijspringen op school als vrijwilliger om leerachterstand\u00a0weg te werken? Laat het ons weten door te mailen naar <span><span><a href=\"mailto:scholenondersteuning@stad.gent\">scholenondersteuning@stad.gent</a>.</span></span></p>\n\t</li>\n\t<li><span><span><span><strong>Sneltesten voor het onderwijs</strong></span></span></span><br />\n\tAlle leerlingen vanaf 6 jaar en alle personeelsleden van het leerplichtonderwijs van de Gentse scholen die een hoogrisicocontact op school hebben gehad, kunnen zich gratis laten testen met een sneltest vanaf de eerste tot en met de vierde dag van hun quarantaine.\u00a0</li>\n\t<li>\n\t<p><span><span><span>Wie een hoogrisicocontact had op school, krijgt via het CLB schriftelijk en telefonisch extra informatie mee over deze sneltesten. Het CLB is aanspreekpunt bij vragen.\u00a0</span></span></span></p>\n\t</li>\n\t<li>\n\t<p><strong>Terugbetaling testen\u00a0</strong><br /><span><span><span><span>Leerlingen die een hoogrisicocontact hadden buiten de school kunnen\u00a0een terugbetaling krijgen van hun test via de mutualiteit of op vertoon van een medische kaart. Mensen zonder medische kaart kunnen aankloppen bij het OCMW.</span></span></span></span><span><span><span>\u00a0</span></span></span></p>\n\t</li>\n</ul><h3><span><span><span><strong><span><span><a id=\"nuttig_materiaal\" name=\"nuttig materiaal\"></a>Nuttig materiaal\u00a0</span></span></strong></span></span></span></h3>\n\n<p><strong>Meertalige brochures</strong></p>\n\n<ul><li>De\u00a0<a href=\"https://www.integratie-inburgering.be/corona-meertalige-info\">website van het Agentschap integratie en inburgering</a>\u00a0biedt de meest recente corona-info aan\u00a0in 28 verschillende talen.<br />\n\t\u00a0</li>\n\t<li><span><span><span><strong><a id=\"signalisatie\" name=\"signalisatie\"></a>Signalisatie</strong></span></span></span><br /><span><span><span>Zoek je nog materiaal voor een goede bewegwijzering en communicatie in en rond school? <a data-entity-substitution=\"media\" data-entity-type=\"media\" data-entity-uuid=\"96a8f95a-9029-4a0a-84fa-9919d953e7fc\" href=\"https://stad.gent/sites/default/files/media/documents/Overzicht%20signalisatiemateriaal%20corona.pdf\" download=\"Overzicht signalisatiemateriaal corona\" title=\"Overzicht signalisatiemateriaal corona\">Bekijk de beschikbare pictogrammen van de Stad Gent</a></span>.\u00a0</span></span></li>\n</ul>\n  \n      </div>\n\n  <div class=\"paragraph paragraph--type--text paragraph--view-mode--full\">\n                        \n\n      <h2><span><span><span><strong>Meer info?</strong></span></span></span></h2>\n\n<p><span><span><span>De website van Onderwijs Vlaanderen biedt een antwoord op heel wat vragen:</span></span></span></p>\n\n<ul><li><span><span><span><a href=\"https://onderwijs.vlaanderen.be/nl/coronamaatregelen-informatie-voor-scholen\">Bekijk de pagina voor directies en leerkrachten</a> </span></span></span></li>\n\t<li><span><span><span><a href=\"https://onderwijs.vlaanderen.be/nl/coronavirus-voor-ouders\">Bekijk de pagina voor ouders</a></span></span></span></li>\n</ul>\n  \n      </div>\n\n    <div class=\"paragraph paragraph--type--call-to-action paragraph--view-mode--full cta-block highlight highlight--left link\">\n        <div class=\"highlight__inner\">\n            <div>\n                                      <h2>Geen antwoord op je vraag gevonden? </h2>\n\n\n      <p>Je kan als onderwijsprofessional, leerling of ouder altijd terecht bij Onderwijscentrum Gent. </p>\n  \n                \n                                                            <a href=\"mailto:onderwijscentrum.communicatie@stad.gent\" class=\"button button-primary\">Mail naar onderwijscentrum.communicatie@stad.gent</a>\n                        \n                                                </div>\n        </div>\n    </div>",
        "subjectpage": "https://stad.gent/data/news/805176",
        "nieuwsbericht": "https://stad.gent/id/news/805176"
      },
      "record_timestamp": "2022-05-01T08:30:00.616Z"
    },
    {
      "datasetid": "recente-nieuwsberichten-van-stadgent",
      "recordid": "209937358522870518d1f2a504b2ab53b152cb72",
      "fields": {
        "publicatiedatum": "2021-10-28",
        "titel": "Neem deel aan de \"Geiwene Foersjet\" wedstrijd",
        "inhoud": "<div class=\"paragraph paragraph--type--text paragraph--view-mode--full\">\n                        \n\n      <p>De culinaire wedstrijd Geiwene Foersjet gaat elk jaar op zoek naar de beste versie van een authentiek Gents gerecht. Vorige jaren ging het om Gentse stoverij, Gentse waterzooi met vis, Gentse Pierkesplat en de Gentse mastel, en dit jaar is de jacht geopend op de beste Gentse 'druuge wust'.</p>\n\n<p>Maak jij de beste droge worst van Gent? Neem dan deel door je <a href=\"https://forms.gle/Yi2M7gFbEKbmsfwaA\">in te schrijven via volgende link</a>.\u00a0</p>\n\n<p>En overtuig je klanten om op jouw te stemmen\u00a0van vrijdag 29 oktober 2021 tot en met 17 november 2021 via\u00a0<a href=\"http://stamgent.be/geiwenefoersjet\">stamgent.be/geiwenefoersjet</a>.\u00a0Hang de affiche uit, verdeel de flyers en maak\u00a0online reclame.</p>\n\n<p>Veel succes!</p>\n  \n      </div>\n\n  <div class=\"paragraph paragraph--type--image paragraph--view-mode--full\">\n                    <div class=\"image-gallery--wrapper single\">\n    \n\n\n\n    <div  class=\"image-gallery js-lightbox\">\n                <a\n  href=\"https://stad.gent/sites/default/files/styles/gallery_full/public/media/images/DEF%20geiwene%20foersjet%20poster.jpg?itok=WPJPqT5B\"\n  class=\"gallery-link\"\n  aria-describedby=\"image-gallery__open-gallery\"\n    >\n  \n  <figure>\n    \n\n        <img loading=\"lazy\" src=\"/sites/default/files/styles/gallery_single/public/media/images/DEF%20geiwene%20foersjet%20poster.jpg?itok=DhwbShPG\" width=\"744\" height=\"1052\" alt=\"Affiche Geiwene Foersjet 2021\" class=\"image-style-gallery-single\" />\n\n\n\n  \n    \n  </figure>\n</a>\n\n        \n    </div>\n  \n  </div>\n\n  </div>",
        "subjectpage": "https://stad.gent/data/news/810942",
        "nieuwsbericht": "https://stad.gent/id/news/810942"
      },
      "record_timestamp": "2022-05-01T08:30:00.616Z"
    },
    {
      "datasetid": "recente-nieuwsberichten-van-stadgent",
      "recordid": "cff5cf1f90100cec34824feca2584edabdcb2de5",
      "fields": {
        "publicatiedatum": "2021-10-28",
        "titel": "Boekentoren nieuwe aanwinst in verlichte skyline van Gent",
        "inhoud": "<div class=\"paragraph paragraph--type--text paragraph--view-mode--full\">\n                        \n\n      <p><span><span><span>Na de restauratie in opdracht van de UGent kreeg de boekentoren monumentverlichting in de stijl van het Lichtplan van de Stad Gent. </span></span></span></p>\n\n<p><span><span><span><strong>Sober wit \u2018maanlicht\u2019</strong></span></span></span></p>\n\n<p><span><span><span>De vier hoeken van de boekentoren worden diagonaal uitgelicht van op afstand. De kleine raampjes worden langs de binnenzijde uitgelicht in een warm-witte kleur (3000 kelvin). Bovenaan de toren wordt ook de belved\u00e8reverdieping aan de binnenzijde indirect uitgelicht (3000 kelvin), conform het Gentse Lichtplan.</span></span></span></p>\n\n<p><span><span><span>Op de belved\u00e8reverdieping hangen led-lampen die naar beneden schijnen als functionele binnenverlichting en naar boven als monumentverlichting. Voor de toren en de 4 buitenterrassen werd gekozen voor kouder wit licht (4000 kelvin). De betonstructuur van de toren valt zo het best op, het lijkt alsof de toren onder het maanlicht staat. </span></span></span></p>\n\n<p><span><span><span><strong>Toren verlicht dankzij Stad Gent en UGent</strong></span></span></span></p>\n\n<p>H<span><span><span>et project is een samenwerking tussen de Stad Gent en de UGent. De Stad Gent zorgt voor het lichtontwerp, de UGent betaalt de lichtinstallatie en de Stad Gent draagt nadien de beheers- en verbruikskosten. Het lichtontwerp in de stijl van het Gentse lichtplan werd gemaakt door het Luikse bureau Radiance 35. </span></span></span></p>\n  \n      </div>",
        "subjectpage": "https://stad.gent/data/news/810891",
        "nieuwsbericht": "https://stad.gent/id/news/810891"
      },
      "record_timestamp": "2022-05-01T08:30:00.616Z"
    },
    {
      "datasetid": "recente-nieuwsberichten-van-stadgent",
      "recordid": "eee94928d9c66f890fcd883022e48697da87c8a4",
      "fields": {
        "publicatiedatum": "2021-10-28",
        "titel": "Tondelier: statige gashouders sfeervol verlicht",
        "inhoud": "<div class=\"paragraph paragraph--type--text paragraph--view-mode--full\">\n                        \n\n      <p><span><span><span>Dit jaar werden de gashouders in de Tondelier-wijk gerestaureerd, nu zijn ze uitgerust met monumentverlichting, in de stijl van het Gentse Lichtplan. Aan de voet van elke steunpilaar werd een led-lichtbak geplaatst om de metaalstructuur te verlichten in een warm-witte kleur (3000 kelvin).</span></span></span></p>\n\n<p><span><span><span>Zoals bij de andere monumenten in de stad brandt de verlichting van de gashouders elke avond van valavond tot middernacht. De gashouders zijn niet alleen uniek industrieel erfgoed, want nog de enige overgebleven exemplaren in Belgi\u00eb, maar ze fungeren ook als een lichtbaken in de wijk.</span></span></span></p>\n  \n      </div>",
        "subjectpage": "https://stad.gent/data/news/810894",
        "nieuwsbericht": "https://stad.gent/id/news/810894"
      },
      "record_timestamp": "2022-05-01T08:30:00.616Z"
    },
    {
      "datasetid": "recente-nieuwsberichten-van-stadgent",
      "recordid": "a025224dc69e7b5bf9e6192a0516864fc23ac8cc",
      "fields": {
        "publicatiedatum": "2021-10-28",
        "titel": "Corona sportfiche - update 29 oktober 2021",
        "inhoud": "<div class=\"paragraph paragraph--type--table-of-contents paragraph--view-mode--full\">\n                        \n<nav class=\"table-of-contents\" aria-labelledby=\"table-of-contents-header\">\n  <div class=\"content-container\">\n    <h2 id=\"table-of-contents-header\" class=\"visually-hidden\">Table of contents</h2>\n\n          <ul class=\"inline\">\n              <li><a href=\"/en/lod/news#Maatregelen_vanaf_vrijdag_29_oktober_2021\">Maatregelen vanaf vrijdag 29 oktober 2021</a></li>\n              <li><a href=\"/en/lod/news#Maatregelen_vanaf_maandag_1_november_2021\">Maatregelen vanaf maandag 1 november 2021</a></li>\n              <li><a href=\"/en/lod/news#Blijvende_belangrijke_maatregelen\">Blijvende belangrijke maatregelen</a></li>\n              <li><a href=\"/en/lod/news#Georganiseerde_sport,_wedstrijden_en_evenementen_\">Georganiseerde sport, wedstrijden en evenementen </a></li>\n            </ul>\n    \n  </div>\n</nav>\n\n      </div>\n\n  <div class=\"paragraph paragraph--type--text paragraph--view-mode--full\">\n                        \n\n      <p>De Vlaamse regering\u00a0heeft, om het coronavirus tegen te gaan, beslist dat volgende maatregelen in de sport, van kracht zijn:</p>\n  \n      </div>\n\n  <div class=\"paragraph paragraph--type--text paragraph--view-mode--full\">\n                        \n\n      <h2><span><span><a id=\"Maatregelen_vanaf_vrijdag_29_oktober_2021\" name=\"Maatregelen_vanaf_vrijdag_29_oktober_2021\"></a>Maatregelen v</span></span><strong><span><span>anaf vrijdag 29 oktober 2021</span></span></strong></h2>\n\n<p><span><span>In openbare gebouwen (o.a. sporthallen en zwembaden) is er opnieuw een <strong>mondmaskerplicht </strong>vanaf 13 jaar:</span></span></p>\n\n<ul><li><span><span>Verplicht in gangen, tribunes en kleedkamers (behalve douches).</span></span></li>\n\t<li><span><span>Je mag het mondmasker tijdelijk afzetten om iets te eten of te drinken.</span></span></li>\n\t<li><span><span>Trainers houden het mondmasker op. Ook wisselspelers tijdens een wedstrijd dragen een mondmasker.</span></span></li>\n\t<li><span><span>Tijdens het sporten zelf moet je geen mondmasker dragen.</span></span></li>\n</ul><h2><span><span><a id=\"Maatregelen_vanaf_maandag_1_november_2021\" name=\"Maatregelen_vanaf_maandag_1_november_2021\"></a>Maatregelen vanaf maandag 1 november 2021</span></span></h2>\n\n<ul><li><span><span><span><span><span><span>Covid Safe Ticket:\u00a0</span></span></span></span></span></span>bewijzen dat je dubbel gevaccineerd bent, negatief getest of de ziekte doorgemaakt hebt.\n\n\t<ul><li><span><span><span><span><span><span>Fitness</span></span></span></span></span></span></li>\n\t\t<li><span><span><span><span><span><span>H</span></span></span></span></span></span><span><span><span><span><span><span>oreca</span></span></span></span></span></span></li>\n\t\t<li><span><span><span><span><span><span>LAGO Rozebroeken: gezien er horeca aanwezig in het zwemparadijs zal aan de kassa gevraagd worden je Covid Safe Ticket te scannen. Een zwembeurt in het sportbad kan nog zonder Covid Safe Ticket.</span></span></span></span></span></span></li>\n\t</ul></li>\n</ul><h2><strong><a id=\"Blijvende_belangrijke_maatregelen\" name=\"Blijvende_belangrijke_maatregelen\"></a>Blijvende belangrijke maatregelen</strong></h2>\n\n<ul><li><span><span>Blijf inzetten op het coronaveilig sporten en organiseren</span></span></li>\n\t<li><span><span>Handhygi\u00ebne\u00a0</span></span></li>\n\t<li><span><span>Afstand houden\u00a0</span></span></li>\n\t<li><span><span>Wie zich ziek voelt is niet welkom (twijfel: zelftest gebruiken)</span></span></li>\n\t<li><span><span>Mogelijke symptomen van covidbesmetting bij jezelf of naaste omgeving in de laatste zeven dagen: deelname verboden</span></span></li>\n\t<li><span><span>Ventileer zo goed mogelijk</span></span></li>\n</ul>\n  \n      </div>\n\n  <div class=\"paragraph paragraph--type--text paragraph--view-mode--full\">\n                        \n\n      <h2><strong><span><span><span><a id=\"Georganiseerde_sport,_wedstrijden_en_evenementen_\" name=\"Georganiseerde_sport,_wedstrijden_en_evenementen_\"></a>Georganiseerde sport, wedstrijden en evenementen\u00a0</span></span></span></strong></h2>\n\n<ul><li><span><span>Het basisprotocol Sport en Corona blijft van toepassing (<a href=\"https://www.sport.vlaanderen/media/16547/basisprotocol-sport.pdf\">klik hier</a>).</span></span></li>\n\t<li>Sterk aangeraden om bij te houden wie aanwezig is.</li>\n\t<li>Blijf jullie leden op de hoogte houden over de huidige maatregelen.\n\t<ul></ul></li>\n</ul><p><strong><span><span>Voor beheerders van sportinfrastructuur:</span></span></strong></p>\n\n<ul><li><span><span>Je moet over een eigen actieplan beschikken inzake ventilatie en monitoring van de luchtkwaliteit.</span></span></li>\n\t<li><span><span>Gezien er nog niet in alle kleedkamers een CO2-meter werd geplaatst, vragen we met aandrang aan iedere gebruiker om <strong>de tijd in de kleedkamers beperkt te houden tot maximum 15 minuten.</strong></span></span></li>\n\t<li><span><span>Zie\u00a0protocol\u00a0<a href=\"https://www.sport.vlaanderen/sporten-in-tijden-van-corona/\">sporten in tijden van corona</a>\u00a0voor meer info.</span></span></li>\n</ul><p><span><span><span><strong><span><span>Met publiek:</span></span></strong></span></span></span></p>\n\n<ul><li><span><span><span><span><span><span>Er zijn geen beperkende maatregelen indien het publiek <strong>indoor onder de 200 personen</strong> en <strong>outdoor onder de 400\u00a0personen</strong> blijft\u00a0</span></span></span></span></span></span></li>\n\t<li><span><span><span>Bij meer publiek heb je twee opties:</span></span></span>\n\t<ul><li><span><span><span>Je werkt zonder Covid Safe Ticket</span></span></span>\n\t\t<ul><li><span><span><span>Beperkende maatregelen zoals social distance, mondmasker (enkel indoor) en handhygi\u00ebne blijven behouden.</span></span></span></li>\n\t\t\t<li><span><span><span>Het mondmasker mag tijdelijk afgezet worden als je op een vaste plaats zit om te eten of te drinken.</span></span></span></li>\n\t\t\t<li><span><span><span>Je moet goedkeuring vragen aan je lokaal bestuur: je vult een <a href=\"https://www.covideventriskmodel.be/\">CERM</a>-scan in en indien indoor ook een <a href=\"https://www.covideventriskmodel.be/cirm\">CIRM</a>-scan.</span></span></span></li>\n\t\t\t<li><span><span><span>Het maximum toegelaten publiek is beperkt tot .3000 personen indoor (of 100% van CIRM-capaciteit indien dit lager is dan 3.000) of 5.000 personen outdoor.</span></span></span></li>\n\t\t</ul></li>\n\t\t<li><span><span><span>Je werkt met Covid Save Ticket (voor iedere bezoeker)</span></span></span>\n\t\t<ul><li><span><span><span>Voor deze \u2018massa-evenementen\u2019 heb je de toestemming van je lokaal bestuur nodig.</span></span></span></li>\n\t\t\t<li><span><span><span>Het publiek is beperkt tot maximum 75.000 personen.</span></span></span></li>\n\t\t</ul></li>\n\t</ul></li>\n\t<li><span><span><span>Kinderen tot 12 jaar moeten net zoals voor de toepassing van het Digital Covid Certificate, ook voor het Covid\u00a0Safe Ticket niet getest worden.</span></span></span></li>\n\t<li>Zie <a href=\"https://www.sport.vlaanderen/media/13780/protocol-voor-sportevenementen.pdf\">protocol voor sportevenementen en sportwedstrijden</a> van\u00a0Sport Vlaanderen.</li>\n</ul><p><strong><span><span><span>Professionele sportsector\u00a0(sportclubs met professionele tewerkstelling, personal coaches, sportinfrastructuuruitbaters\u2026):</span></span></span></strong></p>\n\n<ul><li><span><span><span>Volgt de richtlijnen en protocollen van de hogere overheid alsook eventuele specifieke bijkomende maatregelen vanuit de lokale overheid.</span></span></span></li>\n</ul>\n  \n      </div>\n\n  <div class=\"paragraph paragraph--type--text paragraph--view-mode--full\">\n                        \n\n      <ul></ul><p><span><span><span>Actuele info is ook te vinden op:</span></span></span></p>\n\n<ul><li><span><span><span><a href=\"https://stad.gent/nl/corona/nieuws-evenementen/coronavirus-veelgestelde-vragen-over-de-maatregelen#Sport\">www.stad.gent</a>: veelgestelde vragen</span></span></span></li>\n\t<li><span><span><span><a href=\"http://www.info-coronavirus.be\">www.info-coronavirus.be</a>: algemene info over corona</span></span></span></li>\n\t<li><span><span><span><a href=\"https://www.sport.vlaanderen/sporten-in-tijden-van-corona/\">www.sport.vlaanderen</a>: specifieke info voor sport met protocollen voor wie aan sport doet, sport aanbiedt, ...</span></span></span></li>\n</ul>\n  \n      </div>",
        "subjectpage": "https://stad.gent/data/news/805078",
        "nieuwsbericht": "https://stad.gent/id/news/805078"
      },
      "record_timestamp": "2022-05-01T08:30:00.616Z"
    },
    {
      "datasetid": "recente-nieuwsberichten-van-stadgent",
      "recordid": "356504a0767ec3410711902ef124ea0d15c9383f",
      "fields": {
        "publicatiedatum": "2021-10-28",
        "titel": "Vaccinatiecentrum Flanders Expo heropent op 1 december",
        "inhoud": "<div class=\"paragraph paragraph--type--image paragraph--view-mode--full\">\n                    <div class=\"image-gallery--wrapper single\">\n    \n\n\n\n    <div  class=\"image-gallery js-lightbox\">\n                <a\n  href=\"https://stad.gent/sites/default/files/styles/gallery_full/public/media/images/405196-Vaccinatiecentrum-99644f-original-1635327191.jpg?itok=BLEslcJP\"\n  class=\"gallery-link\"\n  aria-describedby=\"image-gallery__open-gallery\"\n    >\n  \n  <figure>\n    \n\n        <img loading=\"lazy\" src=\"/sites/default/files/styles/gallery_single/public/media/images/405196-Vaccinatiecentrum-99644f-original-1635327191.jpg?itok=NF-MBRns\" width=\"744\" height=\"497\" alt=\"Vaccinatiecentrum\" title=\"Vaccinatiecentrum\" class=\"image-style-gallery-single\" />\n\n\n\n  \n    \n  </figure>\n</a>\n\n        \n    </div>\n  \n  </div>\n\n  </div>\n\n  <div class=\"paragraph paragraph--type--text paragraph--view-mode--full\">\n                        \n\n      <div>\u00a0</div>\n\n<p><strong>Het vaccinatiecentrum in Hal 2 van Flanders expo heropent op 1 december 2021. Gentse 85-plussers en 65-plussers zullen er nog dit jaar hun zogenaamde 'boosterprik' kunnen krijgen. Het centrum blijft ook daarna open om de situatie nauwgezet op te volgen.</strong></p>\n\n<p>Alle Gentse 85-plussers kregen al een uitnodiging om een afspraak in het vaccinatiecentrum in Flanders Expo in te plannen. 62 procent van hen, of 4.766 personen, heeft intussen de derde prik al gekregen. Vanaf deze week gaan ook de uitnodigingen naar alle Gentse 65-plussers de deur uit. Zij kunnen hun afspraak boeken tussen 1 en 23 december. Ook kinderen die sinds september 12 jaar zijn geworden, ontvangen opnieuw een uitnodiging. Ten slotte kunnen ook mensen die nog niet gevaccineerd zijn via de <a href=\"https://stad.gent/nl/openingsuren-adressen/vaccinatielijn\">vaccinatielijn</a> op het nummer 09 210 10 44 nog steeds een afspraak maken. De boosterprikken en eerste prikken zullen gebeuren met Moderna of Pfizer, beide mRNA vaccins.</p>\n\n<h2>Toegankelijk</h2>\n\n<p>Het centrum blijft net zoals voorheen toegankelijk voor mensen met een beperking of mensen die minder mobiel zijn. Er is opnieuw gratis openbaar vervoer en gratis parking. Er wordt ook gezorgd voor rolstoelvervoer, vrijwilligersvervoer en taxivouchers voor mensen met verplaatsingsmoeilijkheden en een beperkt inkomen.</p>\n  \n      </div>\n\n\n\n<div class=\"quote-wrapper\">\n  <div class=\"quote\">\n    <blockquote>\n              <div class=\"content\">\n          <p>We hebben een grote locatie zoals Flanders Expo nodig om alle 65-plussers in alle comfort een bijkomende prik te geven die hen nog beter beschermt.\u00a0Onze medewerkers en vrijwilligers staan straks weer paraat om de Gentenaars te begeleiden. Hun engagement verdient\u00a0ons diepste respect. Samen maken we van Gent een veiligere stad en dragen we zorg voor ieders gezondheid.\u00a0</p>\n        </div>\n            <footer>\n        Rudy Coddens\n                  , schepen van Gezondheid\n              </footer>\n    </blockquote>\n  </div>\n</div>\n\n  <div class=\"paragraph paragraph--type--text paragraph--view-mode--full\">\n                        \n\n      <p>Op dit moment heeft bijna 78 procent van de Gentse bevolking minstens \u00e9\u00e9n coronaprik gekregen. De Stad Gent en Eerstelijnszone Gent stellen alles in het werk om de Gentenaars straks weer comfortabel welkom te heten in het vaccinatiecentrum in Flanders Expo.   </p>\n  \n      </div>\n\n\n\n<div class=\"quote-wrapper\">\n  <div class=\"quote\">\n    <blockquote>\n              <div class=\"content\">\n          <p>Vaccinatie blijft het beste wapen om het virus terug te dringen. De cijfers stijgen weer, ik roep dan ook iedereen die nog niet gevaccineerd is op om een afspraak te maken. Op die manier kunnen we de dijk tegen het virus verder versterken.</p>\n        </div>\n            <footer>\n        Mathias De Clercq\n                  , burgemeester\n              </footer>\n    </blockquote>\n  </div>\n</div>",
        "subjectpage": "https://stad.gent/data/news/810924",
        "nieuwsbericht": "https://stad.gent/id/news/810924"
      },
      "record_timestamp": "2022-05-01T08:30:00.616Z"
    }
  ]
}
